sspencer0@samsung.com,WHxzDl2g
rbryant1@ezinearticles.com,3tQPeADN
jthomas2@g.co,Jopi4pzcb5
wray3@sciencedaily.com,RCZUJSiuzH
sbarnes4@cnbc.com,k7aUDqp
dward5@facebook.com,DjqVfb02fyz
jdunn6@photobucket.com,iQFziDlJy
rweaver7@live.com,hWQAaWlh7GG
dwarren8@icio.us,cnALxoo8c3o
rmitchell9@sbwire.com,ScMLTFyDAx
jhilla@latimes.com,zUiwAe
gfisherb@vk.com,9t1uhoeII
ncoxc@gizmodo.com,kDAGwc
rharrisd@paypal.com,3TbYDfu
sjacobse@blinklist.com,ZXMXQ6d
msmithf@arstechnica.com,QajlDgQ
gperryg@mlb.com,a5Z5p0dpvN
swrighth@hatena.ne.jp,SIvMqS
fgreeni@list-manage.com,bQSGFe2sKZ
jcarpenterj@mail.ru,vHzHpW1
jreynoldsk@digg.com,1N7V9XkPZ
tkennedyl@google.it,oXym621PosXz
bmoralesm@nbcnews.com,Yw4luiie
cnelsonn@cnn.com,vcTPJpt
eschmidto@ebay.co.uk,D5sbQNGKqyPe
jhendersonp@princeton.edu,bvLQeQJwRl
blopezq@seattletimes.com,uYkElMSf1mm
pduncanr@liveinternet.ru,Yokju3bsP
ccruzs@mysql.com,NpMHO4d
afergusont@typepad.com,TUFIb3NKp
mwebbu@yellowbook.com,XLkm8kXwkL
cjacksonv@weebly.com,Fe6Ff0
dortizw@yolasite.com,iSY9E81cQtUj
jgrahamx@oaic.gov.au,MhnVby
wmitchelly@opera.com,Twp44m
anelsonz@github.io,8mkRq00
hburns10@parallels.com,dbnK82q
wsims11@ted.com,ViFT7aPYJ54D
jmartin12@cbslocal.com,3APRUIrmWc
kgriffin13@nifty.com,RH26hHsHhML
cmorris14@fda.gov,CetA6e6csZTa
cbowman15@example.com,Ewop8Z5gu
clee16@mapquest.com,gk2kGtb6hC5
aburns17@ifeng.com,vzytR8
eellis18@wordpress.com,q4yKsXquZjG
ncole19@themeforest.net,5tObNqW
rmcdonald1a@baidu.com,Wg0EE8lpHKz6
jmoreno1b@ifeng.com,3RUbheoH4DN
dcooper1c@cdc.gov,WlkVPhHk
jreyes1d@mysql.com,CqJODO2aD2
llynch1e@mysql.com,tBhaQDEME6Zo
jwagner1f@github.io,zIYQyxrtb4
hperez1g@slashdot.org,T38Iz34LRuy
pross1h@biglobe.ne.jp,EeTXrkgpC5Wb
dbrown1i@engadget.com,wuzcLD93W
mkim1j@multiply.com,BRHj6wWO7lk
phunt1k@apple.com,Az4Mbk6rAGPi
ahunt1l@eventbrite.com,73C2W4t4aW
brichards1m@xing.com,Dq2EuiKRt1I
tbishop1n@nba.com,dQ9ooiJgSMhZ
nwallace1o@de.vu,Nz0ug0KLk
dmeyer1p@soundcloud.com,GUueowKQ1P
vwagner1q@independent.co.uk,aB8uvVUwPzn
mshaw1r@wufoo.com,nzKMBO
larnold1s@marketwatch.com,7rR5vXvBwYH
mtaylor1t@icq.com,lHJaREg
bdavis1u@nydailynews.com,x4oUGGd6ZW
pparker1v@mozilla.org,KrmKQQF3FEzT
ehall1w@businesswire.com,KfijacDhDs
aking1x@epa.gov,CieKqslWkDo
aparker1y@cyberchimps.com,W4CtZaKDDPB
bjohnson1z@usgs.gov,JI259pGMr6
khunter20@army.mil,i5LLuGDVV
tperkins21@zdnet.com,EsVSaG7e8FD
dvasquez22@g.co,qjO8EaH
hreyes23@yellowbook.com,UBkAajU3
drivera24@huffingtonpost.com,rRiGqR
sellis25@tmall.com,iW1SLAvYsHx
cwells26@harvard.edu,Rg2uq6Y
mking27@miitbeian.gov.cn,DWWkQkozX
rjenkins28@chron.com,hPwgwY5QK
jmorrison29@prweb.com,nW1mxQEly
mbell2a@joomla.org,1AYeM43LtuU
tray2b@jiathis.com,UWw9lE4n50mW
agomez2c@who.int,lYsN8ku
cbarnes2d@technorati.com,FJqOt1UYIxM
khowell2e@opensource.org,QE2XGuyW
asnyder2f@marketwatch.com,zMGaWT6
jtucker2g@ucoz.ru,UPKvt5wzu4P
mhughes2h@unicef.org,0H4Ste
mhoward2i@ask.com,i5osSeIOLeT
gfisher2j@prweb.com,nhknQe
ldunn2k@xrea.com,XXQbeu
sdiaz2l@goo.gl,s3duWIA7X0
jspencer2m@fema.gov,Rg51zqSoTk6
sstewart2n@msu.edu,PAzAjeybJNF
achapman2o@prlog.org,sgtqRG5gww
palexander2p@icio.us,ISS75Iblk
gmyers2q@intel.com,hATqpya
jdixon2r@time.com,dkNkpw9UiU
rperkins2s@ehow.com,lS6flWhYR
jhenderson2t@privacy.gov.au,duLs80pWf
sbaker2u@people.com.cn,kKv4PDlsMm
eday2v@usnews.com,MA2WZW8EIa
astephens2w@dailymotion.com,bPy5g0oPG
ahall2x@imdb.com,2qHw7YQSdF
ssanders2y@unesco.org,FeDQZk
pwhite2z@ucsd.edu,biyFyU
acampbell30@bloglovin.com,3ru7fGfz
rmoore31@blogs.com,ROko8bzL
wweaver32@hibu.com,Rf6Brn2J5h
jbrooks33@ask.com,tmSfPp
awagner34@senate.gov,8t59JjX
jyoung35@alibaba.com,RSgw9KSStm
ssanchez36@amazon.de,OpmQEbsn
pmccoy37@sohu.com,BmgBBZ
pburke38@rakuten.co.jp,F6BaAba
salexander39@admin.ch,2RD55hfrrg4b
rbaker3a@skype.com,qtLfh3wpZcap
rboyd3b@surveymonkey.com,lF6ejSrXE
rhenry3c@furl.net,td93AfU6QPf
rryan3d@ustream.tv,j5bRSs
lbowman3e@baidu.com,E7cPHI
jryan3f@gov.uk,d7bjjqSfP
jmarshall3g@twitter.com,GGdqnywRT98h
kcarter3h@mapy.cz,YGfIPuI4
mhansen3i@chronoengine.com,R1Ig9th
tmartinez3j@psu.edu,03mLGYMFiWTH
malvarez3k@feedburner.com,r3ugyZn7o9R
rwhite3l@epa.gov,UQdIvfng
cward3m@booking.com,e0hqVQ0r
anichols3n@nba.com,Ik0BWxQ2t
ccastillo3o@cornell.edu,vAnK77
vfowler3p@spotify.com,XdqL4m7Z
jwhite3q@cyberchimps.com,QlYk7zT
klane3r@studiopress.com,m63lle
harnold3s@ed.gov,Zq4rVr2EPgW
calexander3t@i2i.jp,tqsumeX0
ssanchez3u@ucoz.ru,jsLZ2a
jgutierrez3v@businessweek.com,esyEZxZlPY
acarter3w@hp.com,cnxeD6YU
crose3x@51.la,dhkjic
woliver3y@latimes.com,8w1r3z
jdixon3z@economist.com,ULCcUPWkASLX
cmartin40@wix.com,nmOYmLSj3Ps
hperez41@hugedomains.com,0QN110
awagner42@upenn.edu,RkF4je
bwilliamson43@cbc.ca,RfI21F
jking44@accuweather.com,aTcjMZg6t
dwebb45@mysql.com,cfN9UWvboP
adean46@alibaba.com,7wRXJ2
rmitchell47@discuz.net,nnWPPwB
aknight48@angelfire.com,IAPamDRYR1
sgray49@hatena.ne.jp,WOEsY366B
vlawson4a@booking.com,evpbDW9H6L
dowens4b@nba.com,L2eSxW
aharvey4c@engadget.com,R0B4V9HJq
bjackson4d@paypal.com,TdLQQLn7QK
bperry4e@ft.com,5zMb9lQ
rbarnes4f@google.ru,92ZV5xl5
epierce4g@go.com,k0vTZKJO1J
kjacobs4h@storify.com,AK9kSUp
kgordon4i@stanford.edu,9NJOacZyr
hmason4j@businesswire.com,QDp1sd1qdxx
dwalker4k@alexa.com,zzdbq0jLk
kspencer4l@yelp.com,pEvbbhaEo
bcunningham4m@berkeley.edu,GVmmBGwV9eD1
mlane4n@guardian.co.uk,n36Wvhy
hmontgomery4o@theatlantic.com,9oSFxev
ecox4p@thetimes.co.uk,6JA2tu93y6VB
jroberts4q@kickstarter.com,9NVyKS9Gc
ajohnson4r@51.la,535YGjUgQYCP
hfrazier4s@mlb.com,s0IimCK1f
sbishop4t@scribd.com,uPJNHw
mmorris4u@ca.gov,MlgIaksok
jmorris4v@eventbrite.com,5MNyCjv
jcollins4w@prweb.com,1mV9PlS8TyA
mmedina4x@t.co,262bBW1xsd
cgeorge4y@irs.gov,PMBFRtZ2EfZ
afox4z@sun.com,Yuf3FX
jbowman50@kickstarter.com,DQyPaYqZ
cgutierrez51@fda.gov,nnHR5HyN83s
ahunter52@xinhuanet.com,OnLwzE2vAkHu
cmurphy53@ifeng.com,m3DXIS9
cwashington54@php.net,lUkxbEz
rgardner55@independent.co.uk,s3R7wNR8wE
jgibson56@goo.ne.jp,6u3IhIn4iQd
lhenry57@zdnet.com,ATBLGCx1N9P
shill58@yahoo.co.jp,Em2ZOTp3mA
alane59@meetup.com,mRFDv5iiIyMu
mfisher5a@usnews.com,G4jmoeEOLG75
trichards5b@vkontakte.ru,2C1JOqA
ebryant5c@intel.com,YHPU9UeMhYN
bflores5d@xing.com,vDS6jq
mmartinez5e@bizjournals.com,CsQi154P9O
sclark5f@cdc.gov,RSDb5A8HQ3Y
jfernandez5g@goo.ne.jp,tfYOO9yP
ajones5h@i2i.jp,yeVEYD
ahoward5i@soup.io,o7UeQy1mr1bf
lmurphy5j@redcross.org,XMKEFbBzxV
hchapman5k@about.me,F3yXaVFItnZ
hmoore5l@addthis.com,u0En8O
ephillips5m@irs.gov,djjrqoiooj
rbarnes5n@arizona.edu,gqvGyw
eelliott5o@nps.gov,XLiofGK
mlane5p@unesco.org,3n9kfapqi6H
jmoreno5q@trellian.com,QwqMgvT
adiaz5r@qq.com,Kmd8e69Si
bnichols5s@cdbaby.com,v5OSUX
jjohnston5t@seattletimes.com,lUSka20vV
grogers5u@google.it,ZYaa1UNchp1
cfreeman5v@php.net,44xpCN5FMnLZ
ihicks5w@berkeley.edu,fc75Mt
dcarr5x@senate.gov,GfGDjUEm
jkim5y@dagondesign.com,qGV8BRu4lYB6
tburke5z@harvard.edu,UQ0SfTCFI5
cstewart60@bigcartel.com,pNrg2rz
jmontgomery61@chron.com,EhSeVkMP
criley62@surveymonkey.com,f09r7Z3
breyes63@blogspot.com,PXKjE3gz9XUU
egordon64@devhub.com,ZQq6qfcbwHK
laustin65@csmonitor.com,WTZKRaA13AT
asmith66@disqus.com,bJWaauoBqg
pjackson67@cloudflare.com,M6u20wRzhg
rwelch68@uiuc.edu,DKM9FFcplw
rrobertson69@shutterfly.com,WcEFsvlLufcp
tlane6a@de.vu,mUsCw8
ltucker6b@ebay.co.uk,h0bpIn2LJeeg
dharrison6c@vistaprint.com,yTjaw40
rreid6d@ted.com,qd9lNrSp
iscott6e@123-reg.co.uk,453vVC
dcook6f@oakley.com,H40kgp
jandrews6g@psu.edu,r3tYtg
dtaylor6h@rediff.com,ZnkYms
lrose6i@goodreads.com,berVxuTKOq
jmontgomery6j@addtoany.com,kKJSfhYk
pgarcia6k@ebay.com,6yZGfsYui3
mcastillo6l@spotify.com,zfKAaFKyIg9
jyoung6m@google.it,mg2ldMJY
jhill6n@artisteer.com,hEOxrWl
rmoreno6o@berkeley.edu,beglkpAj
wwatson6p@aboutads.info,y7QqPNR9R
mtorres6q@archive.org,77Q73cuzU0
jrichardson6r@toplist.cz,HHrueh35G
bmorgan6s@yelp.com,oIXP8hccP
rduncan6t@de.vu,vb9l1vb
fgreen6u@samsung.com,4x92BF1pHeLK
cwheeler6v@apache.org,FYgLBI
bthomas6w@marriott.com,Y5cyKo7N2Rw
ptaylor6x@google.cn,UP2Pp6pdSqf
cyoung6y@weather.com,Yn9rBpwP9u
gmartin6z@i2i.jp,lK9hhMboHs
tmitchell70@netvibes.com,WDaiXFYklQ
cstone71@wisc.edu,FkSEDmBGW
eday72@sitemeter.com,PELH3Gq
tfisher73@harvard.edu,ORZVtKm
mjohnson74@upenn.edu,oVsqf2gBda
dnichols75@creativecommons.org,uJHjZaHDyme
sfrazier76@gizmodo.com,TZcrwcjVtdd
showell77@hc360.com,mQtXNvQ5w
lrose78@ihg.com,fh12yF6p5IX
ccole79@whitehouse.gov,YH7JJ3Y
rthompson7a@yahoo.co.jp,SpsdL2
scox7b@pinterest.com,SS20dOfqZq3t
mgonzalez7c@webmd.com,jaP93U
bmorrison7d@mayoclinic.com,DAe5JRuUzeFd
jstevens7e@ca.gov,2OuSNT11j3m
psims7f@yellowbook.com,FVYSvi
tbishop7g@newyorker.com,omK7MbFCKRee
hcole7h@indiatimes.com,mui13ex
kthompson7i@wikispaces.com,NB6Rd2W
ggreen7j@businesswire.com,zV3M9qL7G9j
hhoward7k@columbia.edu,kF9VwCXTZ
gwebb7l@redcross.org,GLuNsrvsOcDg
khoward7m@miibeian.gov.cn,FfFS5u
arichardson7n@businesswire.com,aGTeseTKYTP
mchapman7o@cbc.ca,sKfKPqmWQ1Cg
sknight7p@hatena.ne.jp,X7H90VvXr
cburns7q@samsung.com,J26I9BMZhDC
bchapman7r@ifeng.com,pBB9h12VNV1
jfoster7s@example.com,Uu4j6e
jlee7t@sbwire.com,e3llMB
bmartin7u@qq.com,EycPnbfph7s
jsanchez7v@earthlink.net,dUvlg7ETwDd
aolson7w@rakuten.co.jp,zDj4G5tvqH
tmason7x@cbc.ca,45RY09uSO
adunn7y@hp.com,ejoEK7PWG7
asimmons7z@sogou.com,qU3MpG
mhughes80@goodreads.com,2zYsiiCa
aramos81@hc360.com,YiqYAC
dhenderson82@mtv.com,1jVHq4W
rwilliams83@ucla.edu,JgqdbLhGsm
lcampbell84@ameblo.jp,Xv1acxv
sscott85@typepad.com,vscZDp
jjohnson86@freewebs.com,WOc6wMFrz
ahawkins87@chronoengine.com,BDMkDRf
bandrews88@springer.com,eEvNR0U
bboyd89@pagesperso-orange.fr,mjfVqnWZ
tmedina8a@yellowbook.com,r9rvT0xt4J3
ljames8b@ezinearticles.com,ltYtp4
ecrawford8c@addthis.com,1Iqqo47cto
tmitchell8d@tumblr.com,RoUzYPGXlbaS
cburns8e@jiathis.com,6uX0eakyBtzJ
pgeorge8f@ehow.com,SeF3rHz
swheeler8g@discovery.com,YE0kEz2s
bgonzalez8h@yahoo.com,qpthqvtYpX
jfoster8i@princeton.edu,d7xao6schoYQ
ppowell8j@huffingtonpost.com,rtRsMCx
fanderson8k@kickstarter.com,o1gLNFKtje2
tmccoy8l@pinterest.com,UgiQYKkZ
nvasquez8m@loc.gov,pPqRlfRxNj
tmiller8n@howstuffworks.com,0BAfFyMG7
khawkins8o@jugem.jp,phXR30Y
sturner8p@oaic.gov.au,VDx9QRG
hjohnson8q@deliciousdays.com,uYLIzCgqX
nwarren8r@dedecms.com,reVz6N
gryan8s@technorati.com,ASCJOEHh
jclark8t@bloglines.com,oI9YjiHl8
mgreen8u@behance.net,PSPS1W
mtaylor8v@pinterest.com,30I6kWOBs
afreeman8w@joomla.org,6FFAkUVG
gromero8x@twitter.com,r9R1ml0np3
fmendoza8y@arizona.edu,uuLT8KZCO
rfernandez8z@dyndns.org,znhDo7HH
emontgomery90@ox.ac.uk,TL35mupYuZ3x
fpatterson91@liveinternet.ru,7axdqKwNt2
sfox92@prweb.com,BufVTLpF
jcollins93@nsw.gov.au,oFooNz1drSG
abradley94@illinois.edu,QheXTKEso
rrogers95@hc360.com,cyL4kDu1JoR
agriffin96@a8.net,OKgfNkN5N6f
rsanders97@springer.com,tfhNF4Uwi6BE
jryan98@va.gov,qie1jNzN4B
mlopez99@discuz.net,8Q7y1Oa
gduncan9a@wikimedia.org,AFvvaw
mrogers9b@mapquest.com,mLaMugsUIEHI
lshaw9c@nytimes.com,HK1QJUwyv
amoreno9d@sohu.com,kcBHm8
brussell9e@narod.ru,B2kJo0rcMFf
lreyes9f@oakley.com,oH1ZcM
awallace9g@theatlantic.com,mXpB7fWe6
cvasquez9h@constantcontact.com,5XmPXmIO28S
wporter9i@webmd.com,4RZDYrC5J
jchavez9j@chron.com,AGHwfRhQzr03
mmcdonald9k@sogou.com,6kKMSOWY
jmills9l@google.com,7XzM6iKMoqP
mstone9m@naver.com,F7C2u7yVD
walexander9n@wikispaces.com,e7J9tIFNnxl5
dcarter9o@slideshare.net,gATafd3ZcfP
wcook9p@about.me,lmB03hv
rwoods9q@slideshare.net,QoTi8403I
jross9r@cbsnews.com,Rz8TdJD78s
jreynolds9s@newsvine.com,KdvLRvt7Q
dwilson9t@cornell.edu,9qBm6FS5SRU
mdavis9u@whitehouse.gov,4W4anmLiaD6n
ewilson9v@bizjournals.com,jiyuqCBnxMo
jjackson9w@diigo.com,gUIvr3PWlj
jgrant9x@miibeian.gov.cn,BNpeXBI6akx
bmartinez9y@omniture.com,3Fszgdidwht
rrussell9z@themeforest.net,eX99JzcGbsd7
dreyesa0@cyberchimps.com,Y3uMkmt
mgilberta1@washingtonpost.com,WDnKjONi
ebishopa2@mtv.com,sndvIIC2
wfishera3@adobe.com,a0G224lsSm
jperrya4@spotify.com,tEWbZ0Jme0M
ldaya5@apple.com,SHGgaCa3
rpalmera6@ovh.net,n56c6vAmfIdS
agranta7@businesswire.com,8cNNpotsz
jwelcha8@ed.gov,bp7YslUL
apowella9@paypal.com,fmVC2tc
fburtonaa@google.com,UcAmS4U
pburkeab@plala.or.jp,fbIfJY9l0qaf
cbakerac@amazon.de,R6IuKMJah
mdixonad@unesco.org,lkShnKfCZNW
sbradleyae@parallels.com,DcMe4Bwj
mwarrenaf@feedburner.com,XvqUTfBeOCM
powensag@studiopress.com,F2PLnO
jwhiteah@wordpress.org,WmDiiBfpJffd
bgrahamai@dyndns.org,R3BjMO5
epowellaj@sciencedaily.com,oaBTeFWnw54
aphillipsak@google.cn,F0WK9XYDqy
cruizal@bigcartel.com,htCv4s6
cperkinsam@home.pl,jkDa2mnXBaX
mjohnstonan@cam.ac.uk,i94hERFCrW
rmillsao@youku.com,9ua9T1S0hh
wmorrisap@cocolog-nifty.com,gNl3kBRl3mIC
vmeyeraq@prnewswire.com,QX9fshK
tgrayar@etsy.com,JaIHc76F
jbakeras@skyrock.com,C60HmL
fmartinezat@buzzfeed.com,fFdkVb1
loliverau@google.cn,z00Hr0D
mreidav@studiopress.com,amvC4k9Oz1
bryanaw@engadget.com,KIMLJxfat
rwalkerax@archive.org,eG5QDt
hfoxay@va.gov,nC1T6nr
kparkeraz@trellian.com,5Ehkp0hDN6
agutierrezb0@cam.ac.uk,wFrLUjNm
drobertsb1@live.com,pvUpAt1H9
dwillisb2@msu.edu,myC0tc9Leij
mcoleb3@theglobeandmail.com,ipccmSy
dgreeneb4@ocn.ne.jp,JKGcCaK
aholmesb5@shinystat.com,iAzPfO
spayneb6@infoseek.co.jp,6rRI2IbzVnW
rgilbertb7@csmonitor.com,Yoj00H
dstephensb8@nifty.com,DMut3g
aroseb9@ed.gov,rsabYfMczDhm
tsimsba@360.cn,LIJkTxm
cleebb@etsy.com,oehxgLTzj
breedbc@cpanel.net,wP65NOq
nramirezbd@columbia.edu,COoLkf
efordbe@phpbb.com,CPJOaCioO
mhallbf@dell.com,tKJiM9B2cNnd
ehayesbg@dropbox.com,v7Uf5FDFx
rmorrisbh@typepad.com,HEiCUdA
prossbi@weebly.com,Y7HHYw9I
kjacobsbj@loc.gov,zlgYcHDCtR
braybk@instagram.com,2lYMhF
abryantbl@google.pl,lZyCkc0Inpw
rlopezbm@google.co.jp,mPEilKfBeZe
jcampbellbn@nba.com,Hi7vQ6CJy
rwilliamsbo@free.fr,gl2tTuW7Mh
lschmidtbp@tinypic.com,7sg9qAOg
nstewartbq@pagesperso-orange.fr,nUTR2BkSK
cruizbr@wordpress.org,FjR3ckc
bmartinbs@chronoengine.com,T9DPfWMFbY
jcarpenterbt@wired.com,35by30svdtc
jmurphybu@163.com,ESHIPQNyTr
fsimpsonbv@so-net.ne.jp,e2MHpD6Tn6vB
jmccoybw@vistaprint.com,3sNHnqd98
hwalkerbx@goo.ne.jp,yFdiLbM
rmatthewsby@delicious.com,p9trGvlrNT
cmillerbz@about.me,v5sIWWz20RSJ
darnoldc0@sogou.com,p3of9VK7
acarrc1@zdnet.com,Z5EUW0fDod4R
kmendozac2@discuz.net,3BU9NhJjO
hchapmanc3@desdev.cn,r0O5y8X
pbryantc4@wunderground.com,1loOsz
wwillisc5@indiegogo.com,YCnnnbgG3BLe
malvarezc6@altervista.org,HHMAnQo1Bdhj
prodriguezc7@fema.gov,CPfD6L
mriverac8@storify.com,oHj1045MWY
dfieldsc9@youtu.be,dCLltmY
jpowellca@blog.com,sadK2nsHyxh
kfieldscb@census.gov,Y3lnXRz4O
jrosecc@weibo.com,ef64XRQe3h
cjohnsoncd@php.net,r1ICfgUZ
pfieldsce@foxnews.com,ySMz3HBX
jcarrollcf@friendfeed.com,eqeVtb
lgarciacg@huffingtonpost.com,h8FyxYQjwkor
ftorresch@deviantart.com,o2cZEPwjpF8t
kcoxci@businesswire.com,hp9Hziw3
jfreemancj@creativecommons.org,jLF5XzZMx
vhuntck@trellian.com,4y4CeWxGV7
prosscl@nationalgeographic.com,maH7axL7IbG
creedcm@about.com,1Qrcu2Jd
shamiltoncn@constantcontact.com,aYihuPLD
cjonesco@who.int,HEDkjn9
lperezcp@fotki.com,LiNYAD
jwatkinscq@admin.ch,2Prdftfpje9M
mreyescr@intel.com,A0bwgseIh
swestcs@godaddy.com,iXGB0pJJR
dfrazierct@arstechnica.com,msYVY4uy
psullivancu@people.com.cn,z1sCa9zaasHP
slawrencecv@huffingtonpost.com,cNzTGn
kriveracw@cargocollective.com,d3lPc08
alawsoncx@dedecms.com,DjSgZa6WP
jmillercy@nsw.gov.au,4B25oiR
dalexandercz@illinois.edu,puvVX1JKz
rbrownd0@sbwire.com,AKf2IJQ
sjonesd1@tripadvisor.com,W7umieyTphX
jgarciad2@time.com,zm4grek4
crobertsd3@feedburner.com,uo3qxCA
dgilbertd4@ibm.com,6w1VZyOqgTe
jsnyderd5@macromedia.com,qhJ2Ki
ldiazd6@hostgator.com,YLgbrO
scruzd7@washington.edu,7mwfR4dqL9
mgrayd8@ca.gov,OyTUe0C0X6Wv
dcoled9@omniture.com,UWgZU3KNwF6
rjamesda@ning.com,qErTJd
hwarrendb@elegantthemes.com,fgm53rJR3
fjonesdc@chronoengine.com,7e9ag08lSL
slarsondd@sina.com.cn,v4ValbpObWJ
jhendersonde@hibu.com,59AEGxwf4
cchapmandf@apple.com,1VWnQuER
tpowelldg@soup.io,YiwFOh
ghunterdh@a8.net,INBXtLsjHiRT
ahilldi@salon.com,CnCrt3fjbQ
acruzdj@va.gov,40W1FJb
ehartdk@prnewswire.com,D5FCtOH
lharveydl@zdnet.com,IF02jM7
sbryantdm@prnewswire.com,vIuONi6u
tbishopdn@mashable.com,syinsM
jwrightdo@tumblr.com,QMOoiC8iGDsi
sberrydp@hexun.com,GRnWIpHWOes4
agarzadq@google.de,klIRmp
kweaverdr@kickstarter.com,vtzpAEsW
phillds@technorati.com,WVsSrm5Q
pstonedt@goo.ne.jp,o29u8ajOj7
hwashingtondu@prlog.org,P8yU3Fl7g
rtorresdv@bravesites.com,79Jhz1Bkxpv
devenmartinez@hotmail.com,8FXk5D8TH1
chloerodriquez@hotmail.com,8FXk5D8TH2
emilygarcia@hotmail.com,8FXk5D8TH3
madisonjackson@hotmail.com,8FXk5D8TH4
liammoore@hotmail.com,8FXk5D8TH5
noahdavis@hotmail.com,8FXk5D8TH6
chloejones@hotmail.com,8FXk5D8TH7
barbaramartinez@hotmail.com,8FXk5D8TH8
marygarcia@hotmail.com,8FXk5D8TH9
mialee@hotmail.com,8FXk5D8TH10
emmajohnson@hotmail.com,8FXk5D8TH11
sofiahernandez@hotmail.com,8FXk5D8TH12
masonanderson@hotmail.com,8FXk5D8TH13
shreyawhite@hotmail.com,8FXk5D8TH14
josephwilson@hotmail.com,8FXk5D8TH15
avarodriquez@hotmail.com,8FXk5D8TH16
miamiller@hotmail.com,8FXk5D8TH17
jameslopez@hotmail.com,8FXk5D8TH18
masonjackson@hotmail.com,8FXk5D8TH19
jaydenjones@hotmail.com,8FXk5D8TH20
emmasmith@hotmail.com,8FXk5D8TH21
oliviadavis@hotmail.com,8FXk5D8TH22
jaydensmith@hotmail.com,8FXk5D8TH23
deventhomas@hotmail.com,8FXk5D8TH24
liammartin@hotmail.com,8FXk5D8TH25
jaydenthomas@hotmail.com,8FXk5D8TH26
chloethomas@hotmail.com,8FXk5D8TH27
ethanrodriquez@hotmail.com,8FXk5D8TH28
barbaragarcia@hotmail.com,8FXk5D8TH29
shreyajackson@hotmail.com,8FXk5D8TH30
emmataylor@hotmail.com,8FXk5D8TH31
jameshernandez@hotmail.com,8FXk5D8TH32
ethanwilliams@hotmail.com,8FXk5D8TH33
emilywilson@hotmail.com,8FXk5D8TH34
oliviathomas@hotmail.com,8FXk5D8TH35
shreyajones@hotmail.com,8FXk5D8TH36
deventhomas@gmail.com,8FXk5D8TH37
emilymiller@hotmail.com,8FXk5D8TH38
ethandavis@hotmail.com,8FXk5D8TH39
oliviamoore@hotmail.com,8FXk5D8TH40
davidmiller@hotmail.com,8FXk5D8TH41
avamartinez@hotmail.com,8FXk5D8TH42
emmajones@hotmail.com,8FXk5D8TH43
marywhite@hotmail.com,8FXk5D8TH44
mialee@gmail.com,8FXk5D8TH45
ethanmoore@hotmail.com,8FXk5D8TH46
avawilliams@hotmail.com,8FXk5D8TH47
ethandavis@gmail.com,8FXk5D8TH48
noahrodriquez@hotmail.com,8FXk5D8TH49
josephmoore@hotmail.com,8FXk5D8TH50
davidjackson@hotmail.com,8FXk5D8TH51
avajones@hotmail.com,8FXk5D8TH52
anyaanderson@hotmail.com,8FXk5D8TH53
masonrodriquez@hotmail.com,8FXk5D8TH54
davidgarcia@hotmail.com,8FXk5D8TH55
madisonwhite@hotmail.com,8FXk5D8TH56
devenjones@hotmail.com,8FXk5D8TH57
johnjohnson@hotmail.com,8FXk5D8TH58
josephanderson@hotmail.com,8FXk5D8TH59
johnhernandez@hotmail.com,8FXk5D8TH60
noahhernandez@hotmail.com,8FXk5D8TH61
marymartinez@hotmail.com,8FXk5D8TH62
santiagowhite@hotmail.com,8FXk5D8TH63
sofiajohnson@hotmail.com,8FXk5D8TH64
oliviahernandez@hotmail.com,8FXk5D8TH65
marydavis@hotmail.com,8FXk5D8TH66
masonbrown@hotmail.com,8FXk5D8TH67
josephsmith@hotmail.com,8FXk5D8TH68
davidhernandez@hotmail.com,8FXk5D8TH69
noahwhite@hotmail.com,8FXk5D8TH70
emmahernandez@hotmail.com,8FXk5D8TH71
jacobrodriquez@hotmail.com,8FXk5D8TH72
miadavis@hotmail.com,8FXk5D8TH73
mateogarcia@hotmail.com,8FXk5D8TH74
davidwilson@hotmail.com,8FXk5D8TH75
marylopez@hotmail.com,8FXk5D8TH76
anyarodriquez@hotmail.com,8FXk5D8TH77
shreyathomas@hotmail.com,8FXk5D8TH78
emmadavis@hotmail.com,8FXk5D8TH79
barbarajones@hotmail.com,8FXk5D8TH80
sofiasmith@hotmail.com,8FXk5D8TH81
jacobrodriquez@gmail.com,8FXk5D8TH82
emilyjones@hotmail.com,8FXk5D8TH83
jamestaylor@hotmail.com,8FXk5D8TH84
madisondavis@hotmail.com,8FXk5D8TH85
madisonrodriquez@hotmail.com,8FXk5D8TH86
masonbrown@gmail.com,8FXk5D8TH87
jaydentaylor@hotmail.com,8FXk5D8TH88
jaydenlopez@hotmail.com,8FXk5D8TH89
emilyjackson@hotmail.com,8FXk5D8TH90
madisonmoore@hotmail.com,8FXk5D8TH91
johnlopez@hotmail.com,8FXk5D8TH92
jacobmartinez@hotmail.com,8FXk5D8TH93
emilysmith@hotmail.com,8FXk5D8TH94
shreyagarcia@hotmail.com,8FXk5D8TH95
mateoanderson@hotmail.com,8FXk5D8TH96
masonjohnson@hotmail.com,8FXk5D8TH97
santiagolee@hotmail.com,8FXk5D8TH98
marywilson@hotmail.com,8FXk5D8TH99
sofiataylor@hotmail.com,8FXk5D8TH100
oliviajackson@hotmail.com,8FXk5D8TH101
madisonbrown@hotmail.com,8FXk5D8TH102
santiagowhite@gmail.com,8FXk5D8TH103
davidmoore@hotmail.com,8FXk5D8TH104
oliviathomas@gmail.com,8FXk5D8TH105
jamesjones@hotmail.com,8FXk5D8TH106
jacobmoore@hotmail.com,8FXk5D8TH107
santiagogarcia@hotmail.com,8FXk5D8TH108
ethanwilliams@gmail.com,8FXk5D8TH109
anyamoore@hotmail.com,8FXk5D8TH110
josephmiller@hotmail.com,8FXk5D8TH111
emmalopez@hotmail.com,8FXk5D8TH112
jacobjohnson@hotmail.com,8FXk5D8TH113
mateojackson@hotmail.com,8FXk5D8TH114
emmawilson@hotmail.com,8FXk5D8TH115
shreyajones@gmail.com,8FXk5D8TH116
marymartin@hotmail.com,8FXk5D8TH117
chloelopez@hotmail.com,8FXk5D8TH118
anyaanderson@gmail.com,8FXk5D8TH119
miabrown@hotmail.com,8FXk5D8TH120
anyamartin@hotmail.com,8FXk5D8TH121
noahanderson@hotmail.com,8FXk5D8TH122
liamsmith@hotmail.com,8FXk5D8TH123
shreyarodriquez@hotmail.com,8FXk5D8TH124
ethanmartin@hotmail.com,8FXk5D8TH125
oliviawilson@hotmail.com,8FXk5D8TH126
masonmartinez@hotmail.com,8FXk5D8TH127
oliviajackson@gmail.com,8FXk5D8TH128
mateosmith@hotmail.com,8FXk5D8TH129
daviddavis@hotmail.com,8FXk5D8TH130
davidmartin@hotmail.com,8FXk5D8TH131
josephwilliams@hotmail.com,8FXk5D8TH132
masontaylor@hotmail.com,8FXk5D8TH133
emilymartin@hotmail.com,8FXk5D8TH134
marylee@hotmail.com,8FXk5D8TH135
avajackson@hotmail.com,8FXk5D8TH136
jaydenjohnson@hotmail.com,8FXk5D8TH137
davidhernandez@gmail.com,8FXk5D8TH138
devenlopez@hotmail.com,8FXk5D8TH139
emilywhite@hotmail.com,8FXk5D8TH140
santiagomartin@hotmail.com,8FXk5D8TH141
miabrown@gmail.com,8FXk5D8TH142
sofiamartinez@hotmail.com,8FXk5D8TH143
marywilliams@hotmail.com,8FXk5D8TH144
josephjones@hotmail.com,8FXk5D8TH145
barbarabrown@hotmail.com,8FXk5D8TH146
noahhernandez@gmail.com,8FXk5D8TH147
jamesmiller@hotmail.com,8FXk5D8TH148
jacobgarcia@hotmail.com,8FXk5D8TH149
jaydentaylor@gmail.com,8FXk5D8TH150
santiagowhite@verizon.net,8FXk5D8TH151
anyamartinez@hotmail.com,8FXk5D8TH152
maryrodriquez@hotmail.com,8FXk5D8TH153
barbaralee@hotmail.com,8FXk5D8TH154
masonrodriquez@gmail.com,8FXk5D8TH155
santiagothomas@hotmail.com,8FXk5D8TH156
noahmoore@hotmail.com,8FXk5D8TH157
shreyalee@hotmail.com,8FXk5D8TH158
masonsmith@hotmail.com,8FXk5D8TH159
ethanbrown@hotmail.com,8FXk5D8TH160
josephwilliams@gmail.com,8FXk5D8TH161
jameslopez@gmail.com,8FXk5D8TH162
ethanlee@hotmail.com,8FXk5D8TH163
noahjohnson@hotmail.com,8FXk5D8TH164
noahrodriquez@gmail.com,8FXk5D8TH165
devenmartin@hotmail.com,8FXk5D8TH166
ethansmith@hotmail.com,8FXk5D8TH167
masonrodriquez@verizon.net,8FXk5D8TH168
marythomas@hotmail.com,8FXk5D8TH169
noahsmith@hotmail.com,8FXk5D8TH170
jaydendavis@hotmail.com,8FXk5D8TH171
noahbrown@hotmail.com,8FXk5D8TH172
oliviaanderson@hotmail.com,8FXk5D8TH173
masonwhite@hotmail.com,8FXk5D8TH174
miataylor@hotmail.com,8FXk5D8TH175
josephhernandez@hotmail.com,8FXk5D8TH176
masonmartin@hotmail.com,8FXk5D8TH177
devenwhite@hotmail.com,8FXk5D8TH178
madisonwilson@hotmail.com,8FXk5D8TH179
ethanjohnson@hotmail.com,8FXk5D8TH180
barbaragarcia@gmail.com,8FXk5D8TH181
isabellamiller@hotmail.com,8FXk5D8TH182
emmahernandez@gmail.com,8FXk5D8TH183
anyagarcia@hotmail.com,8FXk5D8TH184
josephhernandez@gmail.com,8FXk5D8TH185
ethanlopez@hotmail.com,8FXk5D8TH186
emmamiller@hotmail.com,8FXk5D8TH187
liamlopez@hotmail.com,8FXk5D8TH188
sofiawilson@hotmail.com,8FXk5D8TH189
avadavis@hotmail.com,8FXk5D8TH190
shreyamartin@hotmail.com,8FXk5D8TH191
oliviawilliams@hotmail.com,8FXk5D8TH192
anyahernandez@hotmail.com,8FXk5D8TH193
jaydenlee@hotmail.com,8FXk5D8TH194
ethansmith@gmail.com,8FXk5D8TH195
madisonbrown@gmail.com,8FXk5D8TH196
emmamartinez@hotmail.com,8FXk5D8TH197
santiagojones@hotmail.com,8FXk5D8TH198
madisonmartinez@hotmail.com,8FXk5D8TH199
masongarcia@hotmail.com,8FXk5D8TH200
liammartinez@hotmail.com,8FXk5D8TH201
santiagogarcia@gmail.com,8FXk5D8TH202
ethansmith@verizon.net,8FXk5D8TH203
mateojohnson@hotmail.com,8FXk5D8TH204
masonwilson@hotmail.com,8FXk5D8TH205
josephlee@hotmail.com,8FXk5D8TH206
johnwhite@hotmail.com,8FXk5D8TH207
oliviathomas@verizon.net,8FXk5D8TH208
chloerodriquez@gmail.com,8FXk5D8TH209
ethanwilliams@verizon.net,8FXk5D8TH210
mateothomas@hotmail.com,8FXk5D8TH211
liammoore@gmail.com,8FXk5D8TH212
madisonwilliams@hotmail.com,8FXk5D8TH213
emmarodriquez@hotmail.com,8FXk5D8TH214
johnrodriquez@hotmail.com,8FXk5D8TH215
ethanbrown@gmail.com,8FXk5D8TH216
chloejohnson@hotmail.com,8FXk5D8TH217
santiagomartinez@hotmail.com,8FXk5D8TH218
davidmoore@gmail.com,8FXk5D8TH219
barbarawhite@hotmail.com,8FXk5D8TH220
mateothomas@gmail.com,8FXk5D8TH221
oliviataylor@hotmail.com,8FXk5D8TH222
shreyagarcia@gmail.com,8FXk5D8TH223
emmalee@hotmail.com,8FXk5D8TH224
shreyabrown@hotmail.com,8FXk5D8TH225
marytaylor@hotmail.com,8FXk5D8TH226
sofiahernandez@gmail.com,8FXk5D8TH227
oliviagarcia@hotmail.com,8FXk5D8TH228
madisonthomas@hotmail.com,8FXk5D8TH229
avaanderson@hotmail.com,8FXk5D8TH230
jamesmoore@hotmail.com,8FXk5D8TH231
devenmartin@gmail.com,8FXk5D8TH232
ethangarcia@hotmail.com,8FXk5D8TH233
masonmartinez@gmail.com,8FXk5D8TH234
davidmoore@verizon.net,8FXk5D8TH235
jamesthomas@hotmail.com,8FXk5D8TH236
marymartinez@gmail.com,8FXk5D8TH237
josephthomas@hotmail.com,8FXk5D8TH238
davidmartin@gmail.com,8FXk5D8TH239
madisonmoore@gmail.com,8FXk5D8TH240
johnwilson@hotmail.com,8FXk5D8TH241
madisonjohnson@hotmail.com,8FXk5D8TH242
shreyalopez@hotmail.com,8FXk5D8TH243
shreyasmith@hotmail.com,8FXk5D8TH244
emmajackson@hotmail.com,8FXk5D8TH245
shreyathomas@gmail.com,8FXk5D8TH246
sofiawhite@hotmail.com,8FXk5D8TH247
ethanwilliams@comcast.com,8FXk5D8TH248
avamartin@hotmail.com,8FXk5D8TH249
ethanthomas@hotmail.com,8FXk5D8TH250
jamesjohnson@hotmail.com,8FXk5D8TH251
ethanjohnson@gmail.com,8FXk5D8TH252
jamesrodriquez@hotmail.com,8FXk5D8TH253
devenmartin@verizon.net,8FXk5D8TH254
masonanderson@gmail.com,8FXk5D8TH255
josephjohnson@hotmail.com,8FXk5D8TH256
chloewhite@hotmail.com,8FXk5D8TH257
josephlopez@hotmail.com,8FXk5D8TH258
jamesmartinez@hotmail.com,8FXk5D8TH259
miamartinez@hotmail.com,8FXk5D8TH260
santiagobrown@hotmail.com,8FXk5D8TH261
jamessmith@hotmail.com,8FXk5D8TH262
jacobsmith@hotmail.com,8FXk5D8TH263
anyarodriquez@gmail.com,8FXk5D8TH264
oliviajones@hotmail.com,8FXk5D8TH265
liamjackson@hotmail.com,8FXk5D8TH266
emilymiller@gmail.com,8FXk5D8TH267
josephjones@gmail.com,8FXk5D8TH268
johnmartin@hotmail.com,8FXk5D8TH269
barbaraanderson@hotmail.com,8FXk5D8TH270
masonwilliams@hotmail.com,8FXk5D8TH271
davidmartinez@hotmail.com,8FXk5D8TH272
sofiathomas@hotmail.com,8FXk5D8TH273
anyawilson@hotmail.com,8FXk5D8TH274
madisonmartin@hotmail.com,8FXk5D8TH275
devenjohnson@hotmail.com,8FXk5D8TH276
ethansmith@comcast.com,8FXk5D8TH277
madisonanderson@hotmail.com,8FXk5D8TH278
miarodriquez@hotmail.com,8FXk5D8TH279
ethanmartinez@hotmail.com,8FXk5D8TH280
oliviawhite@hotmail.com,8FXk5D8TH281
barbaramiller@hotmail.com,8FXk5D8TH282
noahlopez@hotmail.com,8FXk5D8TH283
mateowhite@hotmail.com,8FXk5D8TH284
ethanthomas@gmail.com,8FXk5D8TH285
sofiataylor@gmail.com,8FXk5D8TH286
jaydenmoore@hotmail.com,8FXk5D8TH287
devenjackson@hotmail.com,8FXk5D8TH288
avaanderson@gmail.com,8FXk5D8TH289
miamartin@hotmail.com,8FXk5D8TH290
devensmith@hotmail.com,8FXk5D8TH291
shreyadavis@hotmail.com,8FXk5D8TH292
davidanderson@hotmail.com,8FXk5D8TH293
emilyhernandez@hotmail.com,8FXk5D8TH294
santiagothomas@gmail.com,8FXk5D8TH295
johnlee@hotmail.com,8FXk5D8TH296
davidmartinez@gmail.com,8FXk5D8TH297
noahdavis@gmail.com,8FXk5D8TH298
avasmith@hotmail.com,8FXk5D8TH299
emmajackson@gmail.com,8FXk5D8TH300
emilywhite@gmail.com,8FXk5D8TH301
liammartin@gmail.com,8FXk5D8TH302
avabrown@hotmail.com,8FXk5D8TH303
mateomartinez@hotmail.com,8FXk5D8TH304
emilymoore@hotmail.com,8FXk5D8TH305
emilydavis@hotmail.com,8FXk5D8TH306
masonlee@hotmail.com,8FXk5D8TH307
anyataylor@hotmail.com,8FXk5D8TH308
ethanhernandez@hotmail.com,8FXk5D8TH309
davidsmith@hotmail.com,8FXk5D8TH310
marylopez@gmail.com,8FXk5D8TH311
emilydavis@gmail.com,8FXk5D8TH312
miajohnson@hotmail.com,8FXk5D8TH313
devenlee@hotmail.com,8FXk5D8TH314
mateojackson@gmail.com,8FXk5D8TH315
mateomoore@hotmail.com,8FXk5D8TH316
devenlee@gmail.com,8FXk5D8TH317
anyabrown@hotmail.com,8FXk5D8TH318
johnlopez@gmail.com,8FXk5D8TH319
masonjackson@gmail.com,8FXk5D8TH320
marywhite@gmail.com,8FXk5D8TH321
noahwhite@gmail.com,8FXk5D8TH322
miahernandez@hotmail.com,8FXk5D8TH323
anyajohnson@hotmail.com,8FXk5D8TH324
davidhernandez@verizon.net,8FXk5D8TH325
davidhernandez@comcast.com,8FXk5D8TH326
barbaralee@gmail.com,8FXk5D8TH327
isabellajones@hotmail.com,8FXk5D8TH328
jacobthomas@hotmail.com,8FXk5D8TH329
noahmartinez@hotmail.com,8FXk5D8TH330
marytaylor@gmail.com,8FXk5D8TH331
shreyajohnson@hotmail.com,8FXk5D8TH332
sofiasmith@gmail.com,8FXk5D8TH333
oliviasmith@hotmail.com,8FXk5D8TH334
davidtaylor@hotmail.com,8FXk5D8TH335
madisonmartin@gmail.com,8FXk5D8TH336
noahdavis@verizon.net,8FXk5D8TH337
chloewhite@gmail.com,8FXk5D8TH338
jacobjackson@hotmail.com,8FXk5D8TH339
santiagowilliams@hotmail.com,8FXk5D8TH340
emmathomas@hotmail.com,8FXk5D8TH341
olivialopez@hotmail.com,8FXk5D8TH342
ethanrodriquez@gmail.com,8FXk5D8TH343
chloemoore@hotmail.com,8FXk5D8TH344
jaydenhernandez@hotmail.com,8FXk5D8TH345
liamdavis@hotmail.com,8FXk5D8TH346
sofiamartinez@gmail.com,8FXk5D8TH347
emilymartinez@hotmail.com,8FXk5D8TH348
masonjones@hotmail.com,8FXk5D8TH349
devenmoore@hotmail.com,8FXk5D8TH350
jamesdavis@hotmail.com,8FXk5D8TH351
marylopez@verizon.net,8FXk5D8TH352
emmathomas@gmail.com,8FXk5D8TH353
avamartin@gmail.com,8FXk5D8TH354
liamwhite@hotmail.com,8FXk5D8TH355
anyajones@hotmail.com,8FXk5D8TH356
masonlee@gmail.com,8FXk5D8TH357
oliviataylor@gmail.com,8FXk5D8TH358
johngarcia@hotmail.com,8FXk5D8TH359
jaydenwilliams@hotmail.com,8FXk5D8TH360
isabelladavis@hotmail.com,8FXk5D8TH361
emilytaylor@hotmail.com,8FXk5D8TH362
miamartinez@gmail.com,8FXk5D8TH363
madisonjohnson@gmail.com,8FXk5D8TH364
masonmiller@hotmail.com,8FXk5D8TH365
mateobrown@hotmail.com,8FXk5D8TH366
avawhite@hotmail.com,8FXk5D8TH367
santiagomiller@hotmail.com,8FXk5D8TH368
chloejackson@hotmail.com,8FXk5D8TH369
ethanmartinez@gmail.com,8FXk5D8TH370
jaydenthomas@gmail.com,8FXk5D8TH371
josephwilson@gmail.com,8FXk5D8TH372
davidsmith@gmail.com,8FXk5D8TH373
noahmartin@hotmail.com,8FXk5D8TH374
santiagowilliams@gmail.com,8FXk5D8TH375
sofialee@hotmail.com,8FXk5D8TH376
avawhite@gmail.com,8FXk5D8TH377
jaydenjackson@hotmail.com,8FXk5D8TH378
oliviawilson@gmail.com,8FXk5D8TH379
oliviataylor@verizon.net,8FXk5D8TH380
madisonbrown@verizon.net,8FXk5D8TH381
barbarajones@gmail.com,8FXk5D8TH382
santiagomartin@gmail.com,8FXk5D8TH383
noahtaylor@hotmail.com,8FXk5D8TH384
josephanderson@gmail.com,8FXk5D8TH385
devenlopez@gmail.com,8FXk5D8TH386
emilyjones@gmail.com,8FXk5D8TH387
miamartinez@verizon.net,8FXk5D8TH388
jacobtaylor@hotmail.com,8FXk5D8TH389
madisonjones@hotmail.com,8FXk5D8TH390
mateothomas@verizon.net,8FXk5D8TH391
emilymartin@gmail.com,8FXk5D8TH392
emmawhite@hotmail.com,8FXk5D8TH393
devenhernandez@hotmail.com,8FXk5D8TH394
ethanthomas@verizon.net,8FXk5D8TH395
barbarajohnson@hotmail.com,8FXk5D8TH396
josephbrown@hotmail.com,8FXk5D8TH397
marysmith@hotmail.com,8FXk5D8TH398
josephlee@gmail.com,8FXk5D8TH399
emilywhite@verizon.net,8FXk5D8TH400
mateowhite@gmail.com,8FXk5D8TH401
jaydendavis@gmail.com,8FXk5D8TH402
emmataylor@gmail.com,8FXk5D8TH403
santiagolee@gmail.com,8FXk5D8TH404
emmamartin@hotmail.com,8FXk5D8TH405
olivialee@hotmail.com,8FXk5D8TH406
oliviasmith@gmail.com,8FXk5D8TH407
avalopez@hotmail.com,8FXk5D8TH408
devenlopez@verizon.net,8FXk5D8TH409
oliviagarcia@gmail.com,8FXk5D8TH410
isabellawhite@hotmail.com,8FXk5D8TH411
emilywilson@gmail.com,8FXk5D8TH412
jameswhite@hotmail.com,8FXk5D8TH413
anyamoore@gmail.com,8FXk5D8TH414
josephbrown@gmail.com,8FXk5D8TH415
barbaramoore@hotmail.com,8FXk5D8TH416
davidbrown@hotmail.com,8FXk5D8TH417
josephjohnson@gmail.com,8FXk5D8TH418
noahbrown@gmail.com,8FXk5D8TH419
emmamiller@gmail.com,8FXk5D8TH420
sofiadavis@hotmail.com,8FXk5D8TH421
liammiller@hotmail.com,8FXk5D8TH422
jamesjackson@hotmail.com,8FXk5D8TH423
noahlopez@gmail.com,8FXk5D8TH424
davidwilson@gmail.com,8FXk5D8TH425
avamartin@verizon.net,8FXk5D8TH426
anyabrown@gmail.com,8FXk5D8TH427
maryjackson@hotmail.com,8FXk5D8TH428
anyajones@gmail.com,8FXk5D8TH429
emmaanderson@hotmail.com,8FXk5D8TH430
jaydenmoore@gmail.com,8FXk5D8TH431
anyadavis@hotmail.com,8FXk5D8TH432
mialee@verizon.net,8FXk5D8TH433
liamlee@hotmail.com,8FXk5D8TH434
miagarcia@hotmail.com,8FXk5D8TH435
liamhernandez@hotmail.com,8FXk5D8TH436
mateolee@hotmail.com,8FXk5D8TH437
shreyataylor@hotmail.com,8FXk5D8TH438
ethangarcia@gmail.com,8FXk5D8TH439
sofiawilson@gmail.com,8FXk5D8TH440
avalopez@gmail.com,8FXk5D8TH441
isabellathomas@hotmail.com,8FXk5D8TH442
johnwhite@gmail.com,8FXk5D8TH443
shreyawilliams@hotmail.com,8FXk5D8TH444
masonwhite@gmail.com,8FXk5D8TH445
masonmartinez@verizon.net,8FXk5D8TH446
jameslopez@verizon.net,8FXk5D8TH447
mateojohnson@gmail.com,8FXk5D8TH448
manjhunat@gmail.com,8FXk5D8TH449
shyamr@gmail.com,8FXk5D8TH450
santiagowhite11@verizon.net,bIAua2ou4
anyamartinez11@hotmail.com,bIAua2ou5
maryrodriquez11@hotmail.com,bIAua2ou6
barbaralee11@hotmail.com,bIAua2ou7
masonrodriquez11@gmail.com,bIAua2ou8
santiagothomas11@hotmail.com,bIAua2ou9
noahmoore11@hotmail.com,bIAua2ou10
shreyalee11@hotmail.com,bIAua2ou11
masonsmith11@hotmail.com,bIAua2ou12
ethanbrown11@hotmail.com,bIAua2ou13
josephwilliams11@gmail.com,bIAua2ou14
jameslopez11@gmail.com,bIAua2ou15
ethanlee11@hotmail.com,bIAua2ou16
noahjohnson11@hotmail.com,bIAua2ou17
noahrodriquez11@gmail.com,bIAua2ou18
devenmartin11@hotmail.com,bIAua2ou19
ethansmith11@hotmail.com,bIAua2ou20
masonrodriquez11@verizon.net,bIAua2ou21
marythomas11@hotmail.com,bIAua2ou22
noahsmith11@hotmail.com,bIAua2ou23
jaydendavis11@hotmail.com,bIAua2ou24
noahbrown11@hotmail.com,bIAua2ou25
oliviaanderson11@hotmail.com,bIAua2ou26
masonwhite11@hotmail.com,bIAua2ou27
miataylor11@hotmail.com,bIAua2ou28
josephhernandez11@hotmail.com,bIAua2ou29
masonmartin11@hotmail.com,bIAua2ou30
devenwhite11@hotmail.com,bIAua2ou31
madisonwilson11@hotmail.com,bIAua2ou32
ethanjohnson11@hotmail.com,bIAua2ou33
barbaragarcia11@gmail.com,bIAua2ou34
isabellamiller11@hotmail.com,bIAua2ou35
emmahernandez11@gmail.com,bIAua2ou36
anyagarcia11@hotmail.com,bIAua2ou37
josephhernandez11@gmail.com,bIAua2ou38
ethanlopez11@hotmail.com,bIAua2ou39
emmamiller11@hotmail.com,bIAua2ou40
liamlopez11@hotmail.com,bIAua2ou41
sofiawilson11@hotmail.com,bIAua2ou42
avadavis11@hotmail.com,bIAua2ou43
shreyamartin11@hotmail.com,bIAua2ou44
oliviawilliams11@hotmail.com,bIAua2ou45
anyahernandez11@hotmail.com,bIAua2ou46
jaydenlee11@hotmail.com,bIAua2ou47
ethansmith11@gmail.com,bIAua2ou48
madisonbrown11@gmail.com,bIAua2ou49
emmamartinez11@hotmail.com,bIAua2ou50
santiagojones11@hotmail.com,bIAua2ou51
madisonmartinez11@hotmail.com,bIAua2ou52
masongarcia11@hotmail.com,bIAua2ou53
devenmartinez@hotmail.com,PS1Ljv4NPs
chloerodriquez@hotmail.com,8FXk5D8TH
emilygarcia@hotmail.com,aoSWo95ry
madisonjackson@hotmail.com,wPHmpZU1vHX
liammoore@hotmail.com,NkIQ2Kz1F
noahdavis@hotmail.com,wqE0Q0c0
chloejones@hotmail.com,0xbGs3lQy4
barbaramartinez@hotmail.com,tjYjMfOxt8f
marygarcia@hotmail.com,E1yF2Te90j
mialee@hotmail.com,p76jp65xB
emmajohnson@hotmail.com,9x5nUg59Ya
sofiahernandez@hotmail.com,5bDLklTr0C
masonanderson@hotmail.com,vqRSt8D8VDjc
shreyawhite@hotmail.com,fKcU48e18KXb
josephwilson@hotmail.com,ZSmhZfOI8Xx
avarodriquez@hotmail.com,p2ZN73hG8B
miamiller@hotmail.com,lE3DZ7nmHcY
jameslopez@hotmail.com,1Z1YC9eR4Dd
masonjackson@hotmail.com,7sp27myZG
jaydenjones@hotmail.com,e1DzvR5K1
emmasmith@hotmail.com,8x40f8TeJC
oliviadavis@hotmail.com,b63CgZqAhlT
jaydensmith@hotmail.com,IGfMgT67y
deventhomas@hotmail.com,rCOk0G54
liammartin@hotmail.com,Y17VlSW4z3V5
jaydenthomas@hotmail.com,9LekLxFn8T4
chloethomas@hotmail.com,Ww7vtA1j62Qi
ethanrodriquez@hotmail.com,ZC9K59H2mV7y
barbaragarcia@hotmail.com,ci5W2R7Lq7sE
shreyajackson@hotmail.com,UsvKGoe4
emmataylor@hotmail.com,fb5BI7vK2
jameshernandez@hotmail.com,KZp1ihBA5x
ethanwilliams@hotmail.com,O0SX8Oq4z
emilywilson@hotmail.com,sCmJy9Ejt3
oliviathomas@hotmail.com,WO96aNZaa
shreyajones@hotmail.com,ytOwk5H88WN
deventhomas@gmail.com,0H1bTdWJ3o9
emilymiller@hotmail.com,s0QB8Yh0b6ji
ethandavis@hotmail.com,5Lgw5CHh8kb
oliviamoore@hotmail.com,ZrZpZ0T90SSa
davidmiller@hotmail.com,nbL46i90oOvm
avamartinez@hotmail.com,q03xB09E
emmajones@hotmail.com,Za9glPdjWT7r
marywhite@hotmail.com,22yu5UwxYB
mialee@gmail.com,pZi5Ny7I
ethanmoore@hotmail.com,20cT3cmQwp02
avawilliams@hotmail.com,2gcW5il7C
ethandavis@gmail.com,r3to78Z9u
noahrodriquez@hotmail.com,54yb4yEK
josephmoore@hotmail.com,uT1O8ig6J8
davidjackson@hotmail.com,rO42PoY7lz2Z
avajones@hotmail.com,cD55H80MN4Y
anyaanderson@hotmail.com,x7opEdcBqQcE
masonrodriquez@hotmail.com,ncKL7c70
davidgarcia@hotmail.com,58Z62w0jA92v
madisonwhite@hotmail.com,aMcRB25Z1rF
devenjones@hotmail.com,5Cmc5Xy44Q0
johnjohnson@hotmail.com,D36f0jlB9G
josephanderson@hotmail.com,1Ck3k60u1
johnhernandez@hotmail.com,zGuY7sfT3
noahhernandez@hotmail.com,KF9A8oVWp
marymartinez@hotmail.com,b5N6jyN7d
santiagowhite@hotmail.com,YjHT8YGl8l98
sofiajohnson@hotmail.com,hE6CR9IfJQpa
oliviahernandez@hotmail.com,i80C7lbJn
marydavis@hotmail.com,eON0k1lYj7OZ
masonbrown@hotmail.com,Kkc8h8K63SLo
josephsmith@hotmail.com,o6k2QkSQnHl7
davidhernandez@hotmail.com,c67gKoSjV
noahwhite@hotmail.com,07TX17nUNi
emmahernandez@hotmail.com,G4uJA8c32lH2
jacobrodriquez@hotmail.com,ibP8m05I8
miadavis@hotmail.com,qOR5ilUQjbJc
mateogarcia@hotmail.com,56qQ7U2gR89U
davidwilson@hotmail.com,4xgWFfRJ7tD
marylopez@hotmail.com,pl26oz29I4
anyarodriquez@hotmail.com,m4S9nSA3Ow
shreyathomas@hotmail.com,D2xfOT0Wz9
emmadavis@hotmail.com,s2qYR3Dod64
barbarajones@hotmail.com,G5bm39TbAb7T
sofiasmith@hotmail.com,oz8ssRx68sh
jacobrodriquez@gmail.com,44S3M7xg
emilyjones@hotmail.com,O1ks1ia4cSo5
jamestaylor@hotmail.com,VzRu50t7
madisondavis@hotmail.com,FyKT25yaB0
madisonrodriquez@hotmail.com,vIhk13VM8
masonbrown@gmail.com,i5FnvWgfP5j4
jaydentaylor@hotmail.com,8f7w09h1Vq
jaydenlopez@hotmail.com,24oq93Jm3U
emilyjackson@hotmail.com,zgBG59qh2id
madisonmoore@hotmail.com,C80z79FLn8d
johnlopez@hotmail.com,av49Qd03w
jacobmartinez@hotmail.com,81a5S1PdO1
emilysmith@hotmail.com,UW05DHy4mO
shreyagarcia@hotmail.com,LgEw8XRn
mateoanderson@hotmail.com,3t9MHeZT80
masonjohnson@hotmail.com,CJd99uqI
santiagolee@hotmail.com,5s52J3sv4z
marywilson@hotmail.com,5Pb2IClv
sofiataylor@hotmail.com,DQizG29DyR
oliviajackson@hotmail.com,jSJaDWg64Ek
madisonbrown@hotmail.com,SwuXfTR3na
santiagowhite@gmail.com,LceZuS0j
davidmoore@hotmail.com,X39n25wD0sRY
oliviathomas@gmail.com,ad0J6QJvz
jamesjones@hotmail.com,0zlEs95Bd57
jacobmoore@hotmail.com,5vQueSedP
santiagogarcia@hotmail.com,3Ldf87C1UNei
ethanwilliams@gmail.com,0X8h28g4FZ8O
anyamoore@hotmail.com,Mv7YkgTVji4
josephmiller@hotmail.com,6soAje1hY
emmalopez@hotmail.com,9A25OZ52
jacobjohnson@hotmail.com,06V52AGm
mateojackson@hotmail.com,z4Ta59hr
emmawilson@hotmail.com,Fbr56R95l
shreyajones@gmail.com,v6HHw5UOj06
marymartin@hotmail.com,3i1Y1u0Nu
chloelopez@hotmail.com,0i96GG04gbS8
anyaanderson@gmail.com,30q5t28Sk7v
miabrown@hotmail.com,5MF7Vju1
anyamartin@hotmail.com,72iNMy04Ycc
noahanderson@hotmail.com,06PmQzoBc4v
liamsmith@hotmail.com,FJ58bB9xl
shreyarodriquez@hotmail.com,b58ySNiR56
ethanmartin@hotmail.com,THvBQbU4
oliviawilson@hotmail.com,IMbpY0do
masonmartinez@hotmail.com,VWihF15TG
oliviajackson@gmail.com,yo3YeRbr58z2
mateosmith@hotmail.com,vTiqS38vWlS0
daviddavis@hotmail.com,f6UX7mb4i5
davidmartin@hotmail.com,Vz6MhSuCVq
josephwilliams@hotmail.com,Vpr6X8frSfi
masontaylor@hotmail.com,4GS0o37y
emilymartin@hotmail.com,Q31Ld85u6eTp
marylee@hotmail.com,gPdL42Rp4
avajackson@hotmail.com,wWK93C5ytGZm
jaydenjohnson@hotmail.com,T0Fow23E
davidhernandez@gmail.com,ZXnc1Ng4U9
devenlopez@hotmail.com,ck6HArPZ0Mb
emilywhite@hotmail.com,vJk8NK06C6
santiagomartin@hotmail.com,VKi1beK45T
miabrown@gmail.com,qy8k8cUZ7
sofiamartinez@hotmail.com,95jc7T0c7t6
marywilliams@hotmail.com,Ma7c1gqUgL4
josephjones@hotmail.com,um78ATr5
barbarabrown@hotmail.com,04MAcEf4y
noahhernandez@gmail.com,fPV3cG98
jamesmiller@hotmail.com,8b3mqPsYY4I
jacobgarcia@hotmail.com,83fy9k1y76Ij
jaydentaylor@gmail.com,ZT25mTxORbH4
santiagowhite@verizon.net,u63wM8w0zeNT
anyamartinez@hotmail.com,bIAua2ou4
maryrodriquez@hotmail.com,nmE4wjR29c2F
barbaralee@hotmail.com,6x8u15MoV92
masonrodriquez@gmail.com,Ub0rGnY8B
santiagothomas@hotmail.com,K9pB8bIIa7S
noahmoore@hotmail.com,0e0l79X3
shreyalee@hotmail.com,mz4XPz0q7IS
masonsmith@hotmail.com,2F4XVo6vbX60
ethanbrown@hotmail.com,7Oo7seP2F
josephwilliams@gmail.com,H5qpX09I
jameslopez@gmail.com,2j2rPZ1g57
ethanlee@hotmail.com,SqIuZNdP4Y79
noahjohnson@hotmail.com,KF0R64g4ryR
noahrodriquez@gmail.com,zj1beO4YEks
devenmartin@hotmail.com,FI4uB17C
ethansmith@hotmail.com,88k4kLggYxE
masonrodriquez@verizon.net,y1pPV75e
marythomas@hotmail.com,Z65zt2zv1Sqe
noahsmith@hotmail.com,qd3cOb1Ma1
jaydendavis@hotmail.com,H5rlOQ1k0
noahbrown@hotmail.com,7fYbQ4s98mN9
oliviaanderson@hotmail.com,Dr8LntHgt9
masonwhite@hotmail.com,GmNig5A7hh7
miataylor@hotmail.com,do0L8hb6smB
josephhernandez@hotmail.com,d1yYO8F8bBae
masonmartin@hotmail.com,zW85qCyjX35G
devenwhite@hotmail.com,uRq5mv5o11B
madisonwilson@hotmail.com,9S17VX5N87
ethanjohnson@hotmail.com,1PM9S61JF08c
barbaragarcia@gmail.com,30vmTWsh
isabellamiller@hotmail.com,Or95E26Jj
emmahernandez@gmail.com,KL56CA5ep3
anyagarcia@hotmail.com,4Kc7DDyAT9
josephhernandez@gmail.com,N5EZ2i8N
ethanlopez@hotmail.com,6QyIBgR83S1n
emmamiller@hotmail.com,zYAfpH90
liamlopez@hotmail.com,jWs97IaHo9o1
sofiawilson@hotmail.com,Cvh4wu8w
avadavis@hotmail.com,sY0DrJ2pe7b
shreyamartin@hotmail.com,7f75F8E26ju
oliviawilliams@hotmail.com,YdvC0tlW1U
anyahernandez@hotmail.com,hx3g93z70U
jaydenlee@hotmail.com,RsAtdVxj
ethansmith@gmail.com,95m70FsXR4
madisonbrown@gmail.com,tZ1lj08oE09q
emmamartinez@hotmail.com,6tyOK8lRL5m
santiagojones@hotmail.com,LpqMS7R1n
madisonmartinez@hotmail.com,77Ld05J8
masongarcia@hotmail.com,1o6zVX8pg28
liammartinez@hotmail.com,86tMe7y69Q
santiagogarcia@gmail.com,lm30x7b97Fot
ethansmith@verizon.net,SBm1dHT2NZ56
mateojohnson@hotmail.com,oFgLq47cF2
masonwilson@hotmail.com,uSy32ad5
josephlee@hotmail.com,pt3pWN41N5
johnwhite@hotmail.com,VB00G04T57B5
oliviathomas@verizon.net,db1w9un5
chloerodriquez@gmail.com,2RlS51x4q93U
ethanwilliams@verizon.net,A2Qq87x9v6X8
mateothomas@hotmail.com,CGioK5CaP
liammoore@gmail.com,VR49P2Pry27k
madisonwilliams@hotmail.com,J36mF9ri9k
emmarodriquez@hotmail.com,xxQafX45tRa
johnrodriquez@hotmail.com,63aAE92UnGX
ethanbrown@gmail.com,CnWhtG77F52U
chloejohnson@hotmail.com,8Eoy9JVzQf3
santiagomartinez@hotmail.com,luMlP7hG1iq
davidmoore@gmail.com,utMH0th52yE
barbarawhite@hotmail.com,P1mQ5T8sEBd
mateothomas@gmail.com,19KU70LUj4f
oliviataylor@hotmail.com,ELm90KY7f
shreyagarcia@gmail.com,B8tSq49hK
emmalee@hotmail.com,ttE9R04dTQ3
shreyabrown@hotmail.com,zGN2ZD5E0Op
marytaylor@hotmail.com,lkN6U1AY
sofiahernandez@gmail.com,i48mr0jWK0
oliviagarcia@hotmail.com,6W66aFF4u9
madisonthomas@hotmail.com,nvOu74aVyN
avaanderson@hotmail.com,DkE1AI9gt9
jamesmoore@hotmail.com,T28Zi37b
devenmartin@gmail.com,1qh5Avi5T1
ethangarcia@hotmail.com,8J5b67yU
masonmartinez@gmail.com,Gw9j9f2u7
davidmoore@verizon.net,Q0v8gGd3hQ1y
jamesthomas@hotmail.com,Cr51oPJ61
marymartinez@gmail.com,DoKL31u74O
josephthomas@hotmail.com,5y5VmD76e6
davidmartin@gmail.com,ItD7iAlYK8n
madisonmoore@gmail.com,4P05h8ptZhy4
johnwilson@hotmail.com,gLti26GgKs
madisonjohnson@hotmail.com,MjK87FZtm9K
shreyalopez@hotmail.com,4KoB1ySY
shreyasmith@hotmail.com,eWRsMT6Z
emmajackson@hotmail.com,cOSuoC7r
shreyathomas@gmail.com,XrTK75qcFJ6e
sofiawhite@hotmail.com,7giOaC3PBeo
ethanwilliams@comcast.com,47pFD9D9
avamartin@hotmail.com,3QC6Rd28Z
ethanthomas@hotmail.com,jqT36hjC
jamesjohnson@hotmail.com,QN8DE2Bi
ethanjohnson@gmail.com,6G6CJiSu3A5
jamesrodriquez@hotmail.com,E26ie46a3
devenmartin@verizon.net,7h4vXv67
masonanderson@gmail.com,mZ3FoFna7
josephjohnson@hotmail.com,OAmz5K19uF
chloewhite@hotmail.com,7MYl07ge5G
josephlopez@hotmail.com,J2d9kQ50X1w
jamesmartinez@hotmail.com,91RW48TimGT
miamartinez@hotmail.com,HQ1XPlk2
santiagobrown@hotmail.com,UemRlP9W4r
jamessmith@hotmail.com,9Jw3zY37l
jacobsmith@hotmail.com,07yk4M5D5
anyarodriquez@gmail.com,xbXe5w3gB5k
oliviajones@hotmail.com,6b0S8IEb
liamjackson@hotmail.com,48AkkDBd3
emilymiller@gmail.com,MuZsWM4f
josephjones@gmail.com,59v0dl6Ql66j
johnmartin@hotmail.com,naZ3vdWN
barbaraanderson@hotmail.com,9eF2J2gu87I
masonwilliams@hotmail.com,wVl9sa3b12
davidmartinez@hotmail.com,2Gx6r50C
sofiathomas@hotmail.com,Xm3Hkm15pzO2
anyawilson@hotmail.com,5M4IlRlUPr92
madisonmartin@hotmail.com,32LEf48M
devenjohnson@hotmail.com,UJ9zfDuU2V
ethansmith@comcast.com,c0sxX9Q9Guu
madisonanderson@hotmail.com,qK9d36r7M
miarodriquez@hotmail.com,W5WgpG0R4
ethanmartinez@hotmail.com,17pZ55ab2kDH
oliviawhite@hotmail.com,Q5q0J87N
barbaramiller@hotmail.com,1Uy8snF9Ke2Z
noahlopez@hotmail.com,opLkYG8n
mateowhite@hotmail.com,I7Y2WLloQ1B
ethanthomas@gmail.com,eXs2M5OVbj99
sofiataylor@gmail.com,F8a4lcIBm8MQ
jaydenmoore@hotmail.com,WuJyqUF9u1
devenjackson@hotmail.com,B21YlDUq
avaanderson@gmail.com,aoBs50rJLfC
miamartin@hotmail.com,13F0X3d21d7E
devensmith@hotmail.com,1UHwz1e8Bp4
shreyadavis@hotmail.com,dIehVlsF
davidanderson@hotmail.com,Jo2B04Wp9HU
emilyhernandez@hotmail.com,Q4Oj8q46s7
santiagothomas@gmail.com,DU92kO3tD4
johnlee@hotmail.com,YH53DD7V
davidmartinez@gmail.com,e2W3iMPaBr3
noahdavis@gmail.com,YDk2CUv32r97
avasmith@hotmail.com,t4ZEf5g3b
emmajackson@gmail.com,01j2s9ZLo30
emilywhite@gmail.com,dIz93aWw
liammartin@gmail.com,h5HB45j92o
avabrown@hotmail.com,1ax88fJ1Y
mateomartinez@hotmail.com,65tZ7z4mCH
emilymoore@hotmail.com,7GtIH29tn
emilydavis@hotmail.com,MJbR7E6h9V38
masonlee@hotmail.com,1s37qc1A1Gkk
anyataylor@hotmail.com,2Cx0t67N60SJ
ethanhernandez@hotmail.com,lH1o4f12YX1
davidsmith@hotmail.com,OjAjY91E07
marylopez@gmail.com,adB4id1hTFoh
emilydavis@gmail.com,82f2BFgPg5
miajohnson@hotmail.com,D8NEbW34h
devenlee@hotmail.com,zhQI2V1hJmA
mateojackson@gmail.com,ARq5cw9D6
mateomoore@hotmail.com,3GvH3Nri
devenlee@gmail.com,ARw84nx1Vhy4
anyabrown@hotmail.com,hX3GjZ4Wc
johnlopez@gmail.com,0NtaUxB0
masonjackson@gmail.com,f1gbM4jOR
marywhite@gmail.com,7U4t2gG1h
noahwhite@gmail.com,JaOAdA9R
miahernandez@hotmail.com,6Z48EX9hqM
anyajohnson@hotmail.com,wq14Z85fp6G
davidhernandez@verizon.net,FzKh1Z07P23
davidhernandez@comcast.com,7U6zoCbeW0HQ
barbaralee@gmail.com,I6pWPw9pk0n
isabellajones@hotmail.com,jG0YX8gK12oJ
jacobthomas@hotmail.com,MyTyG4F0C
noahmartinez@hotmail.com,10N30Q0U3
marytaylor@gmail.com,70l7l3tY8diM
shreyajohnson@hotmail.com,u1x98BfW
sofiasmith@gmail.com,iVIeb0c0e1
oliviasmith@hotmail.com,2rj5DXa0
davidtaylor@hotmail.com,7jN68a1J
madisonmartin@gmail.com,RJry1ny5Ust7
noahdavis@verizon.net,7V46MZ5y
chloewhite@gmail.com,vc8pWR93LX98
jacobjackson@hotmail.com,QS7F92T7N
santiagowilliams@hotmail.com,7paEF2eMhu4
emmathomas@hotmail.com,0A2qj10V
olivialopez@hotmail.com,09D7K00SX5do
ethanrodriquez@gmail.com,vC03jmG6iB2
chloemoore@hotmail.com,Xm6em14vvI
jaydenhernandez@hotmail.com,9vE47O1vuNn
liamdavis@hotmail.com,XhGil78S8uR
sofiamartinez@gmail.com,djPsq8FS
emilymartinez@hotmail.com,8riFuT7kL
masonjones@hotmail.com,8zUxEvLS
devenmoore@hotmail.com,lb8bX7n1HD
jamesdavis@hotmail.com,O1z7T0FC0xIh
marylopez@verizon.net,7L9MqQ0GoI
emmathomas@gmail.com,4ps77J2l
avamartin@gmail.com,YQ6rqKAxL3
liamwhite@hotmail.com,GF9vZ2w0L
anyajones@hotmail.com,Uka2I68ip
masonlee@gmail.com,t1hC95IT
oliviataylor@gmail.com,2Ve8N3h7GFl0
johngarcia@hotmail.com,m3wIFcg35vsC
jaydenwilliams@hotmail.com,A44fH6vp08O
isabelladavis@hotmail.com,uaIXs4Hk
emilytaylor@hotmail.com,KHxz50fxM19
miamartinez@gmail.com,ieDO8fW4I
madisonjohnson@gmail.com,15BKgVb7A
masonmiller@hotmail.com,VZ8YI16v97
mateobrown@hotmail.com,PBsiNK1z3s
avawhite@hotmail.com,6L0aG1JLn
santiagomiller@hotmail.com,FtpNyi4lDjhQ
chloejackson@hotmail.com,MdgHs1Wk
ethanmartinez@gmail.com,w4E77YW1
jaydenthomas@gmail.com,Cb7M5bROwq
josephwilson@gmail.com,s1Q2nTv6
davidsmith@gmail.com,B0kG6UuCuVU6
noahmartin@hotmail.com,0yvXN2YXi6W
santiagowilliams@gmail.com,ZWqo8J2CrhF
sofialee@hotmail.com,CyMh16i8x
avawhite@gmail.com,KeYKaX8cp
jaydenjackson@hotmail.com,KjMY6Ct88fPu
oliviawilson@gmail.com,hfNSuVh80V
oliviataylor@verizon.net,qtJE82Led7L
madisonbrown@verizon.net,20eLyG0s
barbarajones@gmail.com,qnQ5hmNO15l
santiagomartin@gmail.com,OsK7G16Z
noahtaylor@hotmail.com,GB9pwLcCa
josephanderson@gmail.com,z68R4Nn14jOf
devenlopez@gmail.com,AKr07H2H
emilyjones@gmail.com,UrVcw78hX33
miamartinez@verizon.net,5aHJn7l7T
jacobtaylor@hotmail.com,Bp6i8Aa4gY
madisonjones@hotmail.com,B24oVjL7b5U0
mateothomas@verizon.net,1OOjtO33v6aG
emilymartin@gmail.com,it4tj2MB
emmawhite@hotmail.com,DQq8s81E
devenhernandez@hotmail.com,LMf9cJD9
ethanthomas@verizon.net,mzC16o3D
barbarajohnson@hotmail.com,B47bHxH95
josephbrown@hotmail.com,5Fw9kv8b
marysmith@hotmail.com,vYfyBExe4
josephlee@gmail.com,0Ew07gp6
emilywhite@verizon.net,2S66kOJ8
mateowhite@gmail.com,POujBY1QC6Y
jaydendavis@gmail.com,06cU7RJtKh
emmataylor@gmail.com,Db4A0nL72z8l
santiagolee@gmail.com,uQ0O97y6ZJ6
emmamartin@hotmail.com,jv09inWeQ20U
olivialee@hotmail.com,i5I3EFeh
oliviasmith@gmail.com,r98da15x
avalopez@hotmail.com,wPbIghVN3
devenlopez@verizon.net,UknSidNX1v8
oliviagarcia@gmail.com,I73p26RQbG0M
isabellawhite@hotmail.com,3YS6II35bDG
emilywilson@gmail.com,xe7Bvt9od
jameswhite@hotmail.com,Z8jf65yWIz
anyamoore@gmail.com,Dq3Nfn2oR
josephbrown@gmail.com,km7U3o82p
barbaramoore@hotmail.com,cMo26d8Jz01
davidbrown@hotmail.com,9xE78J2PM6
josephjohnson@gmail.com,p1gi92GpN3H
noahbrown@gmail.com,o5FuvUleD
emmamiller@gmail.com,T74o3uCJjjDE
sofiadavis@hotmail.com,H9AwO0o7
liammiller@hotmail.com,f1iWseDN
jamesjackson@hotmail.com,OO34io4sr8
noahlopez@gmail.com,CL1eWWtqRyK
davidwilson@gmail.com,nr2U2xKU5
avamartin@verizon.net,k6cz0DLt
anyabrown@gmail.com,y9amNZ61oL5j
maryjackson@hotmail.com,WI1j29pf2
anyajones@gmail.com,9nn5BEqp
emmaanderson@hotmail.com,gz1hc7N70c
jaydenmoore@gmail.com,07dSHoEGtf2
anyadavis@hotmail.com,EfhJr8WaVavX
mialee@verizon.net,t4Ok7tsM96h
liamlee@hotmail.com,T0KHj24y7
miagarcia@hotmail.com,L2F9ToM9
liamhernandez@hotmail.com,W96r1Hc0
mateolee@hotmail.com,8Zks4zw6M8Gj
shreyataylor@hotmail.com,cJAbqDNb
ethangarcia@gmail.com,InVJhS1t
sofiawilson@gmail.com,GKv82w6M6TU3
avalopez@gmail.com,KGn8HI3eg
isabellathomas@hotmail.com,9Q15nl8ff4bx
johnwhite@gmail.com,88hhOD85QL
shreyawilliams@hotmail.com,21V7Z0b10
masonwhite@gmail.com,1zGboTU2JA4
masonmartinez@verizon.net,0X0VA4vQ
jameslopez@verizon.net,ioIStBRu
mateojohnson@gmail.com,Pv9m53YmANf
manjhunat@gmail.com,Pv9m535mANf
shyamr@gmail.com,T0KHj24y7
santiagowhite11@verizon.net,u63wM8w0zeNT
anyamartinez11@hotmail.com,bIAua2ou4
maryrodriquez11@hotmail.com,nmE4wjR29c2F
barbaralee11@hotmail.com,6x8u15MoV92
masonrodriquez11@gmail.com,Ub0rGnY8B
santiagothomas11@hotmail.com,K9pB8bIIa7S
noahmoore11@hotmail.com,0e0l79X3
shreyalee11@hotmail.com,mz4XPz0q7IS
masonsmith11@hotmail.com,2F4XVo6vbX60
ethanbrown11@hotmail.com,7Oo7seP2F
josephwilliams11@gmail.com,H5qpX09I
jameslopez11@gmail.com,2j2rPZ1g57
ethanlee11@hotmail.com,SqIuZNdP4Y79
noahjohnson11@hotmail.com,KF0R64g4ryR
noahrodriquez11@gmail.com,zj1beO4YEks
devenmartin11@hotmail.com,FI4uB17C
ethansmith11@hotmail.com,88k4kLggYxE
masonrodriquez11@verizon.net,y1pPV75e
marythomas11@hotmail.com,Z65zt2zv1Sqe
noahsmith11@hotmail.com,qd3cOb1Ma1
jaydendavis11@hotmail.com,H5rlOQ1k0
noahbrown11@hotmail.com,7fYbQ4s98mN9
oliviaanderson11@hotmail.com,Dr8LntHgt9
masonwhite11@hotmail.com,GmNig5A7hh7
miataylor11@hotmail.com,do0L8hb6smB
josephhernandez11@hotmail.com,d1yYO8F8bBae
masonmartin11@hotmail.com,zW85qCyjX35G
devenwhite11@hotmail.com,uRq5mv5o11B
madisonwilson11@hotmail.com,9S17VX5N87
ethanjohnson11@hotmail.com,1PM9S61JF08c
barbaragarcia11@gmail.com,30vmTWsh
isabellamiller11@hotmail.com,Or95E26Jj
emmahernandez11@gmail.com,KL56CA5ep3
anyagarcia11@hotmail.com,4Kc7DDyAT9
josephhernandez11@gmail.com,N5EZ2i8N
ethanlopez11@hotmail.com,6QyIBgR83S1n
emmamiller11@hotmail.com,zYAfpH90
liamlopez11@hotmail.com,jWs97IaHo9o1
sofiawilson11@hotmail.com,Cvh4wu8w
avadavis11@hotmail.com,sY0DrJ2pe7b
shreyamartin11@hotmail.com,7f75F8E26ju
oliviawilliams11@hotmail.com,YdvC0tlW1U
anyahernandez11@hotmail.com,hx3g93z70U
jaydenlee11@hotmail.com,RsAtdVxj
ethansmith11@gmail.com,95m70FsXR4
madisonbrown11@gmail.com,tZ1lj08oE09q
emmamartinez11@hotmail.com,6tyOK8lRL5m
santiagojones11@hotmail.com,LpqMS7R1n
madisonmartinez11@hotmail.com,77Ld05J8
masongarcia11@hotmail.com,1o6zVX8pg28